{
    "epoch": [
        0,
        1,
        2,
        3,
        4,
        5,
        6,
        7,
        8,
        9
    ],
    "accuracy": [
        0.48242732882499695,
        0.582412376999855,
        0.6823974251747131,
        0.7036730349063873,
        0.7249486446380615,
        0.736383467912674,
        0.7478182911872864,
        0.7502581179141998,
        0.7526979446411133,
        0.7526979446411133
    ],
    "loss": [
        1.4485805034637451,
        0.8411686196923256,
        0.23375673592090607,
        0.1627848856151104,
        0.09181303530931473,
        0.05643824394792318,
        0.02106345258653164,
        0.013688700273633003,
        0.006313947960734367,
        0.006313947960734367
    ],
    "val_accuracy": [
        0.6190596222877502,
        0.6190596222877502,
        0.6817396283149719,
        0.6817396283149719,
        0.7645034193992615,
        0.7645034193992615,
        0.764501690864563,
        0.764501690864563,
        0.7645014524459839,
        0.7645014524459839
    ],
    "val_loss": [
        1.549367904663086,
        1.549367904663086,
        0.18172265589237213,
        0.18172265589237213,
        0.00013638933887705207,
        0.00013638933887705207,
        0.00018387661839369684,
        0.00018387661839369684,
        6.40930375084281e-05,
        6.40930375084281e-05
    ]
}